Ernest Rivera,20000001
Carl Morgan,20000002
Billy Garcia,20000003
Diana Baker,20000004
Christine Walker,20000005
Bruce Harris,20000006
Earl Watson,20000007
Craig Rogers,20000008
Jacqueline Perez,20000009
Denise Campbell,20000010
Patricia Alexander,20000011
Virginia Sanchez,20000012
Judith Wilson,20000013
Janice Lewis,20000014
Brian Butler,20000015
Jeremy Gonzales,20000016
Julia Smith,20000017
David Wood,20000018
Shawn Hall,20000019
Helen Young,20000020
Roger Roberts,20000021
Henry Powell,20000022
Jack Brown,20000023
Steve Ross,20000024
James Wright,20000025
Bobby Williams,20000026
Victor Carter,20000027
Shirley Morris,20000028
Dennis Edwards,20000029
Ann Bennett,20000030
Russell Jackson,20000031
Benjamin Thomas,20000032
Kimberly Henderson,20000033
Irene Bryant,20000034
Susan Cox,20000035
Timothy Diaz,20000036
Jose Washington,20000037
Jesse Cooper,20000038
Janet Jones,20000039
Willie Adams,20000040
Kathryn Ramirez,20000041
Andrew Moore,20000042
Phillip Brooks,20000043
Betty Hughes,20000044
Walter Jenkins,20000045
Deborah Murphy,20000046
Lisa Bell,20000047
Daniel Hill,20000048
Teresa Evans,20000049
Rose Thompson,20000050
Nicholas Peterson,20000051
Gregory Cook,20000052
Frances Sanders,20000053
Louise Martin,20000054
Terry Flores,20000055
Margaret Martinez,20000056
Doris Reed,20000057
Justin White,20000058
Carol Patterson,20000059
Martin Phillips,20000060
Heather Turner,20000061
Sean Russell,20000062
Jeffrey Scott,20000063
Elizabeth Lopez,20000064
Joshua Simmons,20000065
Jimmy Green,20000066
Wanda James,20000067
Diane Rodriguez,20000068
Catherine Hernandez,20000069
Linda Robinson,20000070
Adam Lee,20000071
Larry Perry,20000072
Stephanie Clark,20000073
Samuel Allen,20000074
Frank Miller,20000075
Jason Anderson,20000076
Julie Ward,20000077
Pamela Parker,20000078
Albert Mitchell,20000079
Norma Price,20000080
Mark Stewart,20000081
Robert Gray,20000082
Joan Taylor,20000083
Christopher Foster,20000084
Michael Long,20000085
Carolyn Griffin,20000086
Rachel Nelson,20000087
Marilyn King,20000088
Paula Davis,20000089
Lois Coleman,20000090
Joseph Bailey,20000091
Kevin Richardson,20000092
Gerald Collins,20000093
Jean Howard,20000094
Amanda Barnes,20000095
Nicole Johnson,20000096
Louis Torres,20000097
Ruth Kelly,20000098
Evelyn Gonzalez,20000099
Anna Smith,20000100
Genevieve Rowe,20000101
Vicky Blake,20000102
Adrian Rose,20000103
Lee Klein,20000104
Arnold Little,20000105
Susie Frazier,20000106
Julio Fernandez,20000107
Tami Black,20000108
Gail Mclaughlin,20000109
Gerard Singleton,20000110
Shannon Casey,20000111
Darryl Hanson,20000112
Shelley Brewer,20000113
Wilfred Craig,20000114
Candice Jimenez,20000115
Elias Matthews,20000116
Casey Chambers,20000117
Jason Holloway,20000118
Andrew Allison,20000119
Marian Jennings,20000120
Clint Fitzgerald,20000121
Joanne Vaughn,20000122
Ann Mack,20000123
Fernando Fisher,20000124
Chester Morales,20000125
Elbert Carroll,20000126
Ricky Parker,20000127
Margarita Foster,20000128
Seth Willis,20000129
Alberto Cannon,20000130
Betsy Flores,20000131
Wilbur Thornton,20000132
Jeremiah Williamson,20000133
Tara Snyder,20000134
Kathy Jacobs,20000135
Tracy Holmes,20000136
Stacey Roy,20000137
Tina Griffin,20000138
Dana Vega,20000139
Virginia Glover,20000140
Shelia Zimmerman,20000141
Gordon Coleman,20000142
Troy Jensen,20000143
Geneva Nunez,20000144
Linda Garner,20000145
Judith Butler,20000146
Katherine Morrison,20000147
Ross Aguilar,20000148
Teri Ortiz,20000149
Karla Lowe,20000150
Vicki Fletcher,20000151
Phil Stokes,20000152
Myron Valdez,20000153
Warren Powers,20000154
Ella Nelson,20000155
Justin Crawford,20000156
Karen Bell,20000157
Samuel Fields,20000158
Charles Briggs,20000159
Melissa Alexander,20000160
Gabriel Webster,20000161
Patsy Mckenzie,20000162
Olga Copeland,20000163
Craig Kelly,20000164
Domingo Greer,20000165
Duane Sims,20000166
Jimmie Gray,20000167
Roberto Baker,20000168
Elsa Hayes,20000169
Katrina Mathis,20000170
Nicole Newton,20000171
Jim Bailey,20000172
Ervin Lee,20000173
Dan Pope,20000174
Preston Rogers,20000175
Brett Haynes,20000176
Rudolph Manning,20000177
Benjamin Chavez,20000178
Tonya Walton,20000179
Steve Spencer,20000180
Olive Gordon,20000181
Daisy Austin,20000182
Cameron Oliver,20000183
Christie Dunn,20000184
Lela Powell,20000185
Mary Walters,20000186
Jamie Mccormick,20000187
Pete Reed,20000188
Lori Shelton,20000189
Eileen Torres,20000190
Leigh Morris,20000191
Johanna Jordan,20000192
Cheryl Wells,20000193
Alison Sharp,20000194
Carl Bishop,20000195
Maxine Poole,20000196
Sheila Olson,20000197
Vivian Fowler,20000198
Homer Wise,20000199
Claude Curry,20000200
Meagan Negrete,20000201
Ludie Valencia,20000202
Charisse Duval,20000203
Jacquiline Mcmanus,20000204
Pennie Melvin,20000205
Dominica Otero,20000206
Lou Koch,20000207
Burl Champagne,20000208
Frederic Crook,20000209
Joni Velasquez,20000210
Nicky Guillen,20000211
Amiee Thacker,20000212
Lorinda Dykes,20000213
Theo Compton,20000214
Jade Arthur,20000215
Sage Goldsmith,20000216
Letisha Handy,20000217
Carletta Gilliland,20000218
Parthenia Gauthier,20000219
Shawnna Fleck,20000220
Veta Dix,20000221
Genevive Schofield,20000222
Donnie Nation,20000223
Weston Richey,20000224
Stephane Pickard,20000225
Tari Cash,20000226
Kasie Berube,20000227
Kirby Landis,20000228
Ira Sauls,20000229
Chantay Dickinson,20000230
Krystin Camp,20000231
Conchita Creamer,20000232
Ernie Post,20000233
Bertie Dell,20000234
Liana Stinnett,20000235
Hsiu Mattos,20000236
Isis Oglesby,20000237
Billi Sandlin,20000238
Cyndi Vance,20000239
Nga Yeager,20000240
Cathey Hales,20000241
Arminda Mccloud,20000242
Shemika Read,20000243
Francesco Fortune,20000244
Jacquelynn Ritchey,20000245
Marita Blue,20000246
Azalee Chavarria,20000247
Cristie Romo,20000248
Maxima Talley,20000249
Joline Hinds,20000250
Rossana Denton,20000251
Corina Dorman,20000252
Elroy Miner,20000253
Yuri Oliva,20000254
Bonita Billups,20000255
Ignacia Foreman,20000256
Katrice Gerald,20000257
Wava Stovall,20000258
Sherie Lerner,20000259
Beverlee Whited,20000260
Theodora Harlow,20000261
Lovella Sumner,20000262
Teena Hallman,20000263
Marcellus Upton,20000264
Timothy Easley,20000265
Kattie Fountain,20000266
King Holbrook,20000267
Kisha Mowery,20000268
Petra Yarbrough,20000269
Antony Marchand,20000270
Keri Wiley,20000271
Karma Kelleher,20000272
Edris Pederson,20000273
Catharine Arce,20000274
Matilda Mangum,20000275
Evangeline Benitez,20000276
Sixta Boling,20000277
Thalia Woodward,20000278
Jasmin Chadwick,20000279
Aleisha Albright,20000280
Carroll Pool,20000281
Yelena Ratliff,20000282
Dreama Jernigan,20000283
Catherina Hanna,20000284
Saundra Mchenry,20000285
Claudie Hahn,20000286
Indira Savage,20000287
Morgan Libby,20000288
Laronda Early,20000289
Fonda Crowell,20000290
Leopoldo Embry,20000291
Brittaney Steward,20000292
Marcel Traylor,20000293
Chastity Simonson,20000294
Lashon Stiles,20000295
Jeri Etheridge,20000296
Towanda Sales,20000297
Shery Nieto,20000298
Yael Stubblefield,20000299
Joesph Rich,20000300
Brittaney Le,20000301
Desirae Beckett,20000302
Porfirio Nye,20000303
Claretha Newberry,20000304
Elliott Thorton,20000305
Daron Fort,20000306
Gregory Falk,20000307
Omer Mcqueen,20000308
Genevie Delvalle,20000309
Laquanda Wynn,20000310
Porsha Choate,20000311
Romelia Holden,20000312
Cathern Mclain,20000313
Rory Esquivel,20000314
Luigi Mccray,20000315
Salome Cornwell,20000316
Bridgett Shah,20000317
Rosaline Flagg,20000318
Sherrie Felton,20000319
Kenyatta Craft,20000320
Jessi Chang,20000321
Starr Dickerson,20000322
Willette Rudd,20000323
Stacee Barth,20000324
Margit Rutledge,20000325
Ellyn Towns,20000326
Dusti Harwood,20000327
Hisako Winslow,20000328
Kaitlyn Bassett,20000329
Adriene Orlando,20000330
Roselyn Schott,20000331
Kirby Broome,20000332
Marva Sheppard,20000333
Lorine Linkous,20000334
Keisha Naquin,20000335
Audie Gunther,20000336
Annis Bourque,20000337
Carylon Whitlow,20000338
Larry Henning,20000339
Janine Albert,20000340
Sharilyn Tyson,20000341
Val Zuniga,20000342
Kira Earl,20000343
Carmella Stamm,20000344
Daphne Reno,20000345
Antonio Santana,20000346
Lakia Bair,20000347
Odessa Bertram,20000348
Marquerite Holiday,20000349
Aurea Borden,20000350
Valentine Villegas,20000351
Damion Gaines,20000352
Sandi Merritt,20000353
Anthony Phan,20000354
Trisha Richard,20000355
Leora Pyle,20000356
Solomon Mccallum,20000357
King Seaton,20000358
Serina Earle,20000359
Marcela Hinson,20000360
Adina Lim,20000361
Latina Gunderson,20000362
Pamala Riddle,20000363
China Hendricks,20000364
Romona Mccain,20000365
Ione Leger,20000366
Glennie Carnes,20000367
Eufemia Mcduffie,20000368
Rigoberto Zeller,20000369
Sanda Luther,20000370
Elnora Beaudoin,20000371
Gene Ramon,20000372
Clair Kramer,20000373
Tisa Montalvo,20000374
Hee Welker,20000375
Drema Saylor,20000376
Love Shores,20000377
Lacy Hutchings,20000378
Cory Lytle,20000379
Keven Iverson,20000380
Debi Lange,20000381
Annabel Larry,20000382
Julee Kinney,20000383
Doretha Quezada,20000384
Fumiko Osorio,20000385
Gricelda Eng,20000386
Marlen Poston,20000387
Ericka Selby,20000388
Earlean Capps,20000389
Melaine Coffin,20000390
Setsuko Prescott,20000391
Lien Halverson,20000392
Annmarie Toney,20000393
Verla Carnahan,20000394
Masako Moreau,20000395
Kimberli Whatley,20000396
Alesha Headley,20000397
Kennith Pauley,20000398
Christopher Sorenson,20000399
Lavonna Hartman,20000400
Joyce Welch,20000401
Irene Delgado,20000402
Rosemary Peterson,20000403
William Rodgers,20000404
Jamie Brewer,20000405
Evelyn Briggs,20000406
Larry Rose,20000407
Bill Chavez,20000408
Felicia Cole,20000409
Yolanda Morales,20000410
Judy Nash,20000411
Dana Frazier,20000412
Thomas Tyler,20000413
Candace Maldonado,20000414
Ismael Abbott,20000415
Theresa Pratt,20000416
Bernard Townsend,20000417
Arturo Ingram,20000418
Jody Lawrence,20000419
Martha Wilkins,20000420
Patti Wright,20000421
Beverly Gilbert,20000422
Garry Rios,20000423
Javier Long,20000424
Penny Grant,20000425
Jimmy Klein,20000426
Antonia Hubbard,20000427
Sophie Stokes,20000428
Mamie Brown,20000429
Charles Baker,20000430
Angel Graves,20000431
Tonya Dunn,20000432
Guillermo Hawkins,20000433
Lucy Wood,20000434
Virginia Moody,20000435
Elisa Schmidt,20000436
Steven Green,20000437
Marcus Walton,20000438
Phillip Mendoza,20000439
Rebecca Dennis,20000440
Rex Leonard,20000441
Melody Owens,20000442
Pablo Moore,20000443
May Vega,20000444
Genevieve Goodman,20000445
Cecelia Dixon,20000446
Angelica Wise,20000447
Marcella Daniel,20000448
Isabel Warner,20000449
Caleb Perez,20000450
Calvin Garrett,20000451
Tiffany Obrien,20000452
Diane Morrison,20000453
Barbara Perkins,20000454
Sue Pena,20000455
Kelly Johnston,20000456
Isaac Rodriguez,20000457
Terence Richards,20000458
Cecilia Farmer,20000459
Carole Gomez,20000460
Karla Reeves,20000461
Gilbert Hansen,20000462
Deborah Adkins,20000463
Charlie Gibson,20000464
Percy Walker,20000465
Lela Garza,20000466
Sally Carlson,20000467
Sarah Curtis,20000468
Kathleen Fields,20000469
Guy Holloway,20000470
Vanessa Page,20000471
Tracy Jennings,20000472
Margie Fitzgerald,20000473
Caroline Payne,20000474
Samantha Ellis,20000475
Damon Copeland,20000476
Marta Gray,20000477
Lydia Stevenson,20000478
Cindy Ruiz,20000479
Ella Mckenzie,20000480
Neil Francis,20000481
Luz Jordan,20000482
Mitchell Murphy,20000483
Wayne Tucker,20000484
Casey Poole,20000485
Flora Pittman,20000486
Noah Armstrong,20000487
Bobbie Reyes,20000488
Jeannette Owen,20000489
Dave Hammond,20000490
Sidney Marshall,20000491
Danielle Houston,20000492
Enrique Johnson,20000493
Thelma Burton,20000494
Gloria Vargas,20000495
Lester Holt,20000496
Jerald Cruz,20000497
Chris Carter,20000498
Stephen Lloyd,20000499
Virgil Jacobs,20000500
