Steve Ross, 20000024, DS, wielding political power,finding clues,pinching pennies,tracking down criminals,maintaining a secret identity,creating nightmares,campaigning for social causes,starring in Hollywood movies,running a kingdom,pioneering new technologies
Vicky Blake, 20000102, CS, winning battles,building airplanes,pushing dodgy operating systems, fighting for democracy,raging against the machine,performing serious acting,writing pop songs,postulating bizarre theories,teaching the next generation,running a smuggling business
Janine Albert, 20000340, DS, following clues,running a kingdom,inventing time machines,pioneering new technologies,swinging from tree to tree,fighting with swords,starring in comedies,promoting mysticism,campaigning for environmental causes,wielding political power
Jeannette Owen, 20000489, CS, singing pop songs, fighting for democracy,hiding from the public,popping amphetamines,chain-smoking Gauloises Bleues,making billions,campaigning for environmental causes,pioneering new technologies,enriching uranium,abusing minorities
Judy Nash, 20000411, CS, pioneering new technologies,popping amphetamines,eluding authorities,writing political tracts,avoiding taxes,running the FBI,fighting for democracy,winning Oscars,hiding from the public,starring in Hollywood movies
Maxima Talley, 20000249, DS, teaching magic,wielding political power,inventing time machines,performing office chores,promoting mysticism,playing the piano,writing in ledgers,writing pop songs,studying computability,swinging from tree to tree
Damon Copeland, 20000476, CS, signing sports memorabilia,writing modern fiction,studying mathematics,coining sparkling witticisms,cracking enemy codes,bugging political rivals,judging legal cases,preaching to presidents,building a wooden ark,campaigning for social causes
Gordon Coleman, 20000142, DS, swinging from tree to tree,kicking ass,spreading revolution,shagging spies,killing for Mi6,going on commando missions,ruling over subjects,chasing flappers,enriching uranium,running a kingdom
Evangeline Benitez, 20000276, CS, writing modern fiction,coining sparkling witticisms,amassing nuclear weapons,wielding political power,smoking Boyard cigarettes,running a software company,running a kingdom,making billions,making witty remarks,opening new markets
Fonda Crowell, 20000290, DS, investing in real estate,finding clues,instigating rebellion,inventing time machines,singing middle-of-the-road songs,promoting mysticism,teaching magic,handing out flowers,playing the piano,doing the Kessel run
Rex Leonard, 20000441, CS, writing modern fiction,winning battles,campaigning for social causes,studying mathematics,recording pop songs,crushing dissent,promoting Kaballah,writing about manly pursuits,developing cunning plans,ordering wire-taps
Angel Graves, 20000431, CS, bugging political rivals,singing pop songs,attacking neighbors,promoting pacifism,writing modern fiction,crooning love songs,writing Hollywood movies,eluding authorities,ruling over subjects,abusing minorities
Andrew Allison, 20000119, DS, starring in comedies,stealing jewels,eating power pellets,studying computability,finding clues,performing magic tricks,plotting against family members,terrorizing sleepers,foiling the schemes of evil villains,traveling in time
Jeri Etheridge, 20000296, DS, studying magic tricks,maintaining a secret identity,singing middle-of-the-road songs,studying science,promoting tolerance,wielding political power,promoting diversity,amassing wealth,enriching uranium,writing pop songs
Lucy Wood, 20000434, CS, betraying friends,writing plays,fighting for democracy,making political gaffes,starring in madcap comedies,slashing victims,signing sports memorabilia,hiding from the public,opening new markets,selling out
Yael Stubblefield, 20000299, DS, developing new technologies ,running a clandestine spy organization,wielding political power,arresting criminals ,fighting with swords,pursuing criminals,shagging spies,doing the Kessel run,laughing at God,solving crimes
Lorinda Dykes, 20000213, DS, starring in comedies,following clues,causing mayhem,performing magic tricks,studying magic tricks,punishing criminals,developing new technologies,leading revolts,tempting the innocent,wielding political power
Dreama Jernigan, 20000283, CS, smoking Boyard cigarettes,hiding from the public, fighting for democracy,preaching to presidents,ranting about liberals,running a hardware company,promoting Kaballah,opening new markets,scandalizing polite society,writing pop songs
Judith Butler, 20000146, CS, coining epigrams,hiding from the public,starring in Hollywood movies,explaining natural selection,singing pop songs,performing serious acting,winning battles,bridging cultures ,cross-dressing in women's clothes,singing rock songs
Gregory Cook, 20000052, CS, starring in Hollywood movies,fighting with swords,popping amphetamines,singing pop songs,promoting pacifism,chasing after women,attacking neighbors,managing large development projects,writing modern fiction,cross-dressing in women's clothes
Joni Velasquez, 20000210, DS, pursuing criminals,fighting with swords,promoting greed,doing the Kessel run,amassing wealth,foiling the schemes of evil villains,eating people,spreading revolution,writing in ledgers,teaching the next generation
Mark Stewart, 20000081, CS, slashing victims,running the FBI,building giant walls,bugging political rivals,investing in real estate,judging legal cases,ruling over subjects,recording pop songs,promoting socialism,throwing Bunga Bunga parties
Damion Gaines, 20000352, CS, winning battles,writing political tracts,signing sports memorabilia,starring in madcap comedies,promoting socialism,stabbing in the back,hiding from the public,ruling over subjects,abusing minorities,manipulating political pawns
Phil Stokes, 20000152, DS, smuggling contraband,fighting with swords,studying science,climbing social ladders,teaching magic,playing the piano,terrorizing employees,apprehending criminals,solving crimes,eating census takers
Bobby Williams, 20000026, DS, starring in musical comedies,running a hotel,singing middle-of-the-road songs,teaching magic,stealing jewels,creating nightmares,condescending to customers,defending the weak,investing in real estate,traveling in time
Gail Mclaughlin, 20000109, CS, climbing social ladders,throwing Bunga Bunga parties,starring in Hollywood movies,hiding from the public,starring in romantic comedies,cross-dressing in women's clothes,singing rock songs,ruling over subjects,building a wooden ark,ordering wire-taps
Diane Morrison, 20000453, DS, performing office chores,laughing at God,fighting with swords,smuggling contraband,climbing social ladders,studying symbols,stealing jewels,following clues,starring in comedies,amassing wealth
Diana Baker, 20000004, CS, running a crime family,throwing Bunga Bunga parties,writing about manly pursuits,slashing victims,writing political tracts,hiding from the public,scandalizing polite society,studying science,writing plays,performing serious acting
Stephen Lloyd, 20000499, DS, chasing after women,campaigning for social causes,punishing criminals,starring in comedies,promoting mysticism,studying symbols,wielding political power,studying magic tricks,foiling the schemes of evil villains,running a fast-food business
Margaret Martinez, 20000056, DS, killing teenagers,selling fast food,promoting wickedness,defending the weak,plotting against family members,eating power pellets,creating nightmares,traveling in time,teaching young mutants,studying computability
Linda Robinson, 20000070, CS, cracking enemy codes,writing purple prose,making billions,writing modern fiction,fighting with swords,singing middle-of-the-road songs,attacking neighbors,ranting about religion,scandalizing polite society,getting plastic surgery
Shemika Read, 20000243, CS, pulling dirty political tricks,lying on the stand,wielding political power,cooking dinners,crushing dissent,writing purple prose,ranting about religion,campaigning for environmental causes,cross-dressing in women's clothes,studying mathematics
Keri Wiley, 20000271, CS, worrying about health,recording pop songs,playing the trumpet,drawing whimsical cartoons,cooking dinners,making billions,starring in romantic comedies,starring in Hollywood movies,promoting Kaballah,preaching to presidents
Damon Copeland, 20000476, DS, writing in ledgers,defending the weak,writing mystery stories,stealing jewels,cross-dressing in women's clothes,going on commando missions,spreading revolution,attending cocktail parties,womanizing,laughing at God
Shawnna Fleck, 20000220, DS, engaging in bare-knuckle fighting,following clues,promoting tolerance,teaching the next generation,foiling the schemes of evil villains,gyrating hips,pioneering new technologies,playing the piano,inventing time machines,tricking criminals
Linda Garner, 20000145, CS, singing rock songs,winning battles,playing the trumpet,whining at umpires,running a technology company,running a hardware company,promoting Kaballah,enriching uranium,terrorizing prostitutes,leading armies into battle
Betsy Flores, 20000131, DS, defending the weak,running a kingdom,maintaining a secret identity,promoting wickedness,singing middle-of-the-road songs,starring in comedies,laughing at God,campaigning for environmental causes,promoting healthy eating,teaching the next generation
Jamie Brewer, 20000405, CS, building airplanes,studying science,developing cunning plans,campaigning for social causes,fighting for democracy,chasing after women,abusing minorities,starring in Hollywood movies,ruling over subjects, fighting for democracy
Teri Ortiz, 20000149, DS, chasing electronic ghosts,gyrating hips,cross-dressing in women's clothes,fighting the forces of good,writing mystery stories,inventing time machines,leading revolts,tricking criminals,following clues,studying science
Sandi Merritt, 20000353, CS, getting plastic surgery,enriching uranium,singing rock songs,wielding political power,writing for the New Yorker,proving math theorems,pioneering new technologies,writing purple prose,studying mathematics,running a criminal enterprise
Stacee Barth, 20000324, DS, surviving large-scale floods,enriching uranium,performing kung-fu moves,doing the Kessel run,studying symbols,writing in ledgers,creating nightmares,attending cocktail parties,traveling in time,running a kingdom
Elisa Schmidt, 20000436, DS, maintaining a secret identity,wielding political power,casting magic spells,cross-dressing in women's clothes,arresting criminals ,terrorizing sleepers,condescending to customers,eluding FBI profilers,foiling the schemes of evil villains,singing middle-of-the-road songs
Andrew Moore, 20000042, DS, foiling the schemes of evil villains,investing in real estate,wielding political power,eating power pellets,spreading revolution,running a fast-food business,causing mayhem,maintaining a secret identity,tempting the innocent,playing rock guitar
Myron Valdez, 20000153, CS, building a wooden ark,studying mathematics,ruling over subjects,suppressing minorities,winning heavyweight titles,performing serious acting,singing rock songs,singing pop songs,writing short stories,running a criminal enterprise
Ione Leger, 20000366, DS, ruling over subjects,writing in ledgers,eating people,investing in real estate,starring in comedies,fighting the forces of good,pinching pennies,preventing crime,writing mystery stories,studying magic tricks
Verla Carnahan, 20000394, DS, arresting criminals ,pioneering new technologies,smuggling contraband,tempting the innocent,writing in ledgers,campaigning for environmental causes,promoting the Dark Side,investing in real estate,foiling the schemes of evil villains,writing pop songs
William Rodgers, 20000404, DS, chasing electronic ghosts,doing the Charleston,handing out flowers,starring in Hollywood movies,studying computability,surviving large-scale floods,eating people,creating nightmares,inventing time machines,running a clandestine spy organization
Katherine Morrison, 20000147, CS, writing plays,suppressing minorities,preaching to presidents,manipulating political pawns,writing political tracts,selling out,signing sports memorabilia,writing short stories,promoting liberalism,postulating bizarre theories
Gerald Collins, 20000093, CS, writing for the New Yorker,throwing Bunga Bunga parties,promoting socialism,cross-dressing in women's clothes,wielding political power,scandalizing polite society,running a software company, fighting for democracy,slashing victims,building a wooden ark
Tracy Holmes, 20000136, DS, promoting healthy eating,cross-dressing in women's clothes,arresting criminals ,running a kingdom,shagging spies,playing rock music,hunting demons,writing pop songs,spreading revolution,creating nightmares
Julie Ward, 20000077, CS, issuing threats,performing serious acting,starring in Hollywood movies,singing pop songs,studying science,raging against the machine,rooting out facts,pulling dirty political tricks,speaking with funny accents,manipulating political pawns
Larry Henning, 20000339, CS, writing Hollywood movies,ruling over subjects,abusing minorities,throwing Bunga Bunga parties,wielding political power,scandalizing polite society,singing pop songs,recording pop songs,crushing dissent,winning battles
Kennith Pauley, 20000398, CS, womanizing,winning battles,making billions,engaging in hapless hijinks,cross-dressing in women's clothes,writing political tracts,enriching uranium,pioneering new technologies,writing plays,running a hardware company
Thelma Burton, 20000494, DS, inventing time machines,climbing social ladders,investing in real estate,chasing after women,campaigning for environmental causes,ruling over subjects,engaging in bare-knuckle fighting,promoting healthy eating,foiling the schemes of evil villains,eating power pellets
Tari Cash, 20000226, DS, surviving large-scale floods,pursuing criminals,battling the forces of darkness,going on commando missions,writing pop songs,terrorizing sleepers,running a clandestine spy organization,shagging spies,running a kingdom,spreading revolution
Shelia Zimmerman, 20000141, DS, teaching young mutants,playing rock guitar,solving crimes,writing pop songs,foiling the schemes of evil villains,smuggling contraband,going on commando missions,gyrating hips,casting magic spells,handing out flowers
Jessi Chang, 20000321, CS, writing about social problems,bugging political rivals,eluding the public gaze,chain-smoking Gauloises Bleues,hiding from the public,climbing social ladders,worrying about health, fighting for democracy,writing modern fiction,winning tennis tournaments
Daphne Reno, 20000345, DS, studying icons,finding clues,chasing flappers,cross-dressing in women's clothes,fighting with swords,working for the forces of darkness,terrorizing sleepers,raging against the machine,wielding political power,pinching pennies
Ella Mckenzie, 20000480, CS, attacking neighbors,studying mathematics,starring in madcap comedies,lying on the stand,climbing social ladders,singing pop songs,eluding the public gaze,delivering judgments,spreading revolution,running a criminal enterprise
Daisy Austin, 20000182, DS, smuggling contraband,studying science,plotting against family members,punishing criminals,foiling the schemes of evil villains,eating people,seeking revenge,wielding political power,writing mystery stories,writing pop songs
Adriene Orlando, 20000330, DS, studying computability,punishing criminals,inventing time machines,finding clues,campaigning for environmental causes,climbing social ladders,writing pop songs,starring in comedies,promoting greed,maintaining a secret identity
Jimmy Green, 20000066, CS, judging legal cases,wielding political power,writing modern fiction,studying mathematics,crooning love songs,cross-dressing in women's clothes,funding a cure for malaria,starring in romantic comedies,ranting about liberals,climbing social ladders
Pennie Melvin, 20000205, CS, recording pop songs,fighting with swords,eluding the public gaze,running a movie studio,pioneering new technologies,starring in romantic comedies,running the FBI,singing rock songs,coining sparkling witticisms,cracking enemy codes
Rachel Nelson, 20000087, CS, climbing social ladders,building a wooden ark,writing about manly pursuits,singing pop songs,bugging political rivals,promoting socialism,coining sparkling witticisms,eluding authorities, fighting for democracy,directing Hollywood movies
Sheila Olson, 20000197, DS, foiling the schemes of evil villains,climbing social ladders,writing in ledgers,eating people,plotting against family members,eluding authorities,writing pop songs,singing middle-of-the-road songs,investing in real estate,promoting mysticism
Joni Velasquez, 20000210, CS, enriching uranium,rooting out facts,pioneering new technologies,abusing minorities,building giant walls,running a hardware company,bridging cultures ,pulling dirty political tricks,teaching philosophy to future leaders,running a crime family
Gilbert Hansen, 20000462, CS, eluding the public gaze,writing mystery stories,opening new markets,ruling over subjects,delivering judgments,smoking Boyard cigarettes,posing for photographs,promoting socialism,throwing sex parties,writing Hollywood movies
Vicki Fletcher, 20000151, DS, seeking revenge,following clues,pioneering new technologies,solving crimes,surviving large-scale floods,kicking ass,smuggling contraband,teaching young mutants,maintaining a secret identity,causing mayhem
Samantha Ellis, 20000475, CS, funding a cure for malaria,singing pop songs,making political gaffes,running a software company,selling out,starring in romantic comedies,writing for pulp magazines,issuing threats,performing serious acting,starring in Hollywood movies
Keisha Naquin, 20000335, CS, running a hardware company,writing for the New Yorker,running a criminal enterprise,singing pop songs,running a kingdom,running a technology company,ruling over subjects,hiding from the public,directing Hollywood movies,abusing minorities
Morgan Libby, 20000288, CS, playing the trumpet,developing cunning plans,winning battles,performing serious acting,fighting with swords,scandalizing polite society,raging against the machine,directing Hollywood movies,attacking neighbors,singing middle-of-the-road songs
Gregory Falk, 20000307, DS, casting magic spells,pinching pennies,fighting with swords,climbing social ladders,fighting for the rebel alliance,going on commando missions,condescending to customers,running a kingdom,posing for photographs,promoting wickedness
Bill Chavez, 20000408, CS, writing short stories,developing military strategies,enriching uranium,suppressing minorities,campaigning for social causes,hiding from the public,scandalizing polite society,climbing social ladders,studying mathematics,judging legal cases
Trisha Richard, 20000355, CS, suppressing minorities,hiding from the public,promoting circus attractions,studying science,enriching uranium, fighting for democracy,writing political tracts,pioneering new technologies,worrying about health,selling out
Steve Ross, 20000024, CS, postulating bizarre theories,writing Hollywood movies,judging legal cases,promoting liberalism,promoting Kaballah,proving math theorems,studying science,writing modern fiction,eluding authorities,building a wooden ark
Anthony Phan, 20000354, CS, promoting circus attractions,writing Hollywood movies,popping amphetamines,running a hardware company,eluding the public gaze,judging legal cases,writing political tracts,studying mathematics,manipulating political pawns,directing Hollywood movies
Jose Washington, 20000037, CS, promoting socialism,running a movie studio,lying on the stand,promoting Kaballah,throwing Bunga Bunga parties,wielding political power,cross-dressing in women's clothes,whining at umpires,chain-smoking Gauloises Bleues,developing military strategies
Paula Davis, 20000089, DS, inventing time machines,studying computability,developing new technologies,hunting demons,teaching the next generation,casting magic spells,pioneering new technologies,starring in comedies,writing mystery stories,foiling the schemes of evil villains
Steve Spencer, 20000180, CS, enriching uranium,enjoying ball-room dancing,writing political tracts, fighting for democracy,promoting circus attractions,writing Hollywood movies,fighting with swords,studying science,avoiding taxes,making billions
Charlie Gibson, 20000464, CS, delivering judgments,smoking Boyard cigarettes,wielding political power,cross-dressing in women's clothes,delivering forehand slams,writing for pulp magazines,throwing Bunga Bunga parties,writing political tracts,cracking enemy codes,campaigning for social causes
Gabriel Webster, 20000161, DS, eating people,following clues,spreading revolution,amassing wealth,writing mystery stories,enriching uranium,developing new technologies,laughing at God,teaching magic,killing for Mi6
Justin Crawford, 20000156, DS, doing the Kessel run,arresting criminals ,developing new technologies ,eating power pellets,fighting for the rebel alliance,chasing electronic ghosts,studying icons,terrorizing employees,promoting mysticism,running a hotel
Melaine Coffin, 20000390, CS, explaining natural selection,singing pop songs,starring in romantic comedies,rooting out facts,selling out,funding a cure for malaria,coining sparkling witticisms,coining epigrams,preaching to presidents,signing sports memorabilia
Larry Perry, 20000072, CS, performing serious acting,coining sparkling witticisms,managing large development projects,writing plays,writing for the New Yorker,cooking dinners,wielding political power,campaigning for environmental causes,singing rock songs,abusing minorities
Yuri Oliva, 20000254, CS, spreading philosophy,starring in romantic comedies,campaigning for social causes,investing in real estate,stabbing in the back,attacking neighbors,singing pop songs,eluding the public gaze,postulating bizarre theories,crooning love songs
Ismael Abbott, 20000415, CS, singing pop songs,worrying about health,popping amphetamines,teaching the next generation,bugging political rivals,winning battles,fighting for democracy,studying mathematics,building airplanes,postulating bizarre theories
Anthony Phan, 20000354, DS, spreading revolution,starring in comedies,engaging in bare-knuckle fighting,doing the Charleston,chasing electronic ghosts,campaigning for environmental causes,enriching uranium,battling the forces of darkness,solving mysteries,wielding political power
Rigoberto Zeller, 20000369, CS, writing mystery stories,promoting pacifism,eluding the public gaze,singing pop songs,promoting Darwinism,preaching to presidents,smoking Boyard cigarettes,enriching uranium,bugging political rivals,writing short stories
Starr Dickerson, 20000322, CS, fighting with swords,smoking Boyard cigarettes,writing modern fiction,getting plastic surgery,writing Hollywood movies,slashing victims,coining sparkling witticisms,writing for the New Yorker,ruling over subjects,promoting circus attractions
Arturo Ingram, 20000418, CS, starring in Hollywood movies,writing pop songs,winning battles,campaigning for social causes,delivering judgments,ranting about liberals,lying on the stand,postulating bizarre theories,posing for photographs,studying mathematics
Judith Wilson, 20000013, CS, running a movie studio,throwing Bunga Bunga parties,pushing dodgy operating systems,bridging cultures ,writing modern fiction,developing cunning plans, fighting for democracy,running a hardware company,stabbing in the back,running a software company
Thalia Woodward, 20000278, CS, starring in Hollywood movies,writing modern fiction,hiding from the public,proving math theorems,writing Hollywood movies,starring in romantic comedies,coining sparkling witticisms,eluding the public gaze,attacking neighbors,writing short stories
Geneva Nunez, 20000144, CS, studying mathematics,building a wooden ark,judging legal cases,womanizing,writing short stories,campaigning for social causes,ruling over subjects,slashing victims,promoting socialism,eluding authorities
Timothy Easley, 20000265, CS, singing pop songs,coining epigrams,promoting liberalism,wielding political power,cross-dressing in women's clothes,starring in romantic comedies,singing rock songs,pushing dodgy operating systems,starring in Hollywood movies,throwing Bunga Bunga parties
Jesse Cooper, 20000038, CS, eluding authorities,running a crime family,chain-smoking Gauloises Bleues,fighting with swords,getting plastic surgery,coining sparkling witticisms,explaining natural selection,enriching uranium,singing pop songs,raging against the machine
Louise Martin, 20000054, DS, climbing social ladders,pioneering new technologies,developing new technologies,fighting with swords,engaging in bare-knuckle fighting,shagging spies,surviving large-scale floods,instigating rebellion,pinching pennies,following clues
Warren Powers, 20000154, DS, eluding authorities,foiling the schemes of evil villains,tracking down criminals,starring in Hollywood movies,fighting with swords,smoking Laramie Hi-Tars,maintaining a secret identity,spreading revolution,playing the piano,studying science
Roger Roberts, 20000021, CS, building a wooden ark,signing sports memorabilia,campaigning for social causes,singing pop songs,eluding authorities,making witty remarks,judging legal cases,running a hardware company,promoting socialism,manipulating political pawns
Judith Wilson, 20000013, CS, singing middle-of-the-road songs,chasing after women,rooting out facts,making billions,throwing Bunga Bunga parties,cross-dressing in women's clothes,terrorizing prostitutes,promoting Kaballah,getting plastic surgery,writing Hollywood movies
Marilyn King, 20000088, DS, starring in musical comedies,campaigning for environmental causes,singing middle-of-the-road songs,traveling in time,solving mysteries,eluding authorities,starring in comedies,wielding political power,promoting mysticism,defending the weak
Christopher Sorenson, 20000399, DS, studying magic tricks,tracking down criminals,casting magic spells,enriching uranium,investing in real estate,pursuing criminals,seducing women,studying science,causing mayhem,promoting mysticism
Bill Chavez, 20000408, DS, starring in comedies,teaching young mutants,fighting for the rebel alliance,foiling the schemes of evil villains,teaching magic,inventing electrical marvels,gyrating hips,singing middle-of-the-road songs,fighting the forces of good,running a kingdom
Jacquiline Mcmanus, 20000204, DS, promoting diversity,casting magic spells,studying computability,starring in Hollywood movies,doing the Kessel run,causing mayhem,solving crimes,stealing jewels,terrorizing employees,fighting with swords
Brett Haynes, 20000176, CS, writing purple prose,opening new markets,cracking enemy codes,running a hardware company,popping amphetamines,building a wooden ark,promoting Kaballah,cross-dressing in women's clothes,climbing social ladders,starring in Hollywood movies
Gregory Cook, 20000052, CS, popping amphetamines,campaigning for social causes,manipulating political pawns,writing plays,fighting for democracy,cracking enemy codes, fighting for democracy,building airplanes,running a criminal enterprise,promoting socialism
Gordon Coleman, 20000142, DS, maintaining a secret identity,instigating rebellion,pinching pennies,starring in comedies,running a clandestine spy organization,seducing women,campaigning for environmental causes,preventing crime,shagging spies,pioneering new technologies
Lien Halverson, 20000392, DS, eating people,plotting against family members,fighting the forces of good,running a kingdom,casting magic spells,solving crimes,selling fast food,teaching magic,inventing time machines,surviving large-scale floods
Pennie Melvin, 20000205, DS, playing rock guitar,causing mayhem,pioneering new technologies,seducing women,teaching magic,fighting with swords,inventing time machines,promoting the Dark Side,foiling the schemes of evil villains,playing the piano
Stephen Lloyd, 20000499, CS, signing sports memorabilia,popping amphetamines,directing Hollywood movies,attacking neighbors,making political gaffes,explaining natural selection,writing Hollywood movies,crushing dissent,writing horror stories,running a hardware company
Carole Gomez, 20000460, CS, ruling over subjects,writing short stories,singing middle-of-the-road songs,coining epigrams,climbing social ladders,running a hardware company,promoting racial harmony,smoking Boyard cigarettes,studying mathematics,crooning love songs
Melaine Coffin, 20000390, CS, winning heavyweight titles,campaigning for social causes,worrying about health,proving math theorems,rooting out facts,judging legal cases,singing pop songs,scandalizing polite society,abusing minorities, fighting for democracy
Jerald Cruz, 20000497, DS, keeping accounts,performing kung-fu moves,smuggling contraband,plotting against family members,arresting criminals ,doing the Kessel run,casting magic spells,playing rock guitar,writing in ledgers,starring in comedies
Cheryl Wells, 20000193, CS, cracking enemy codes,ranting about religion,running a hardware company,eluding authorities,singing middle-of-the-road songs, fighting for democracy,bridging cultures ,lying on the stand,enriching uranium,fighting with swords
Beverly Gilbert, 20000422, DS, handing out flowers,starring in Hollywood movies,performing kung-fu moves,writing pop songs,brewing magican potions,smuggling contraband,plotting against family members,campaigning for social causes,following clues,pioneering new technologies
Ross Aguilar, 20000148, DS, casting magic spells,inventing time machines,handing out flowers,writing pop songs,stealing jewels,pioneering new technologies,studying science,defending the weak,developing new technologies ,leading revolts
Nga Yeager, 20000240, DS, singing middle-of-the-road songs,inventing time machines,amassing wealth,performing magic tricks,battling the forces of darkness,campaigning for social causes,spreading revolution,playing rock guitar,running a school for gifted teens,studying magic tricks
Jose Washington, 20000037, CS, writing plays,building airplanes,managing large development projects,amassing nuclear weapons,rooting out facts,running a technology company,winning heavyweight titles,pushing dodgy operating systems,making political gaffes,manipulating political pawns
Caroline Payne, 20000474, CS, hiding from the public,writing pop songs,campaigning for environmental causes,slashing victims, fighting for democracy,cross-dressing in women's clothes,singing pop songs,winning boxing matches,building airplanes,making political gaffes
Jeffrey Scott, 20000063, CS, writing modern fiction,cross-dressing in women's clothes,writing about social problems,running a criminal enterprise,chain-smoking Gauloises Bleues,drawing whimsical cartoons,bugging political rivals,cooking dinners,enjoying ball-room dancing,pioneering new technologies
Joan Taylor, 20000083, CS, writing Hollywood movies,building a wooden ark,promoting pacifism,recording pop songs,spreading philosophy,winning battles,singing middle-of-the-road songs,currying favour,womanizing,starring in sit-coms
Kenyatta Craft, 20000320, CS, wielding political power,studying mathematics,proving math theorems,pushing dodgy operating systems,singing pop songs,starring in madcap comedies,bugging political rivals,fighting with swords,singing middle-of-the-road songs,writing purple prose
Janet Jones, 20000039, CS, singing pop songs,cracking enemy codes,promoting socialism,postulating bizarre theories,slashing victims,crooning love songs,promoting science,starring in romantic comedies,hiding from the public,running a software company
Tonya Dunn, 20000432, CS, eluding authorities,campaigning for environmental causes,worrying about health,cross-dressing in women's clothes,starring in Hollywood movies,performing serious acting,singing middle-of-the-road songs,singing rock songs,ruling over subjects,writing about manly pursuits
Christie Dunn, 20000184, CS, climbing social ladders,writing Hollywood movies,signing sports memorabilia,suppressing minorities,fighting with swords,writing plays,cracking enemy codes,recording pop songs,starring in Hollywood movies,smoking Boyard cigarettes
Rose Thompson, 20000050, DS, inventing time machines,studying magic tricks,promoting conservative values,laughing at God,cross-dressing in women's clothes,running a kingdom,ruling over subjects,teaching the next generation,condescending to customers,traveling in time
Casey Chambers, 20000117, DS, pioneering new technologies,handing out flowers,engaging in bare-knuckle fighting,foiling the schemes of evil villains,smuggling contraband,cross-dressing in women's clothes,playing rock guitar,running a hotel,starring in comedies,campaigning for environmental causes
Isis Oglesby, 20000237, CS, lying on the stand,ruling over subjects,raging against the machine,writing plays,running a hardware company,promoting pacifism,proving math theorems,suppressing minorities,running a software company,running a technology company
Conchita Creamer, 20000232, CS, getting plastic surgery,building a wooden ark,singing rock songs,promoting Darwinism,hiding from the public,chain-smoking Gauloises Bleues,running a hardware company,starring in Hollywood movies,judging legal cases,manipulating political pawns
Gregory Cook, 20000052, CS, writing for the New Yorker,amassing nuclear weapons,singing rock songs,suppressing minorities,promoting science,manipulating political pawns,eluding the public gaze,cross-dressing in women's clothes,bugging political rivals,preaching to presidents
Dennis Edwards, 20000029, CS, singing pop songs,pushing dodgy operating systems,making billions,writing for the New Yorker,smoking Boyard cigarettes,terrorizing prostitutes,campaigning for social causes,planting evidence,eluding authorities,rooting out facts
Annabel Larry, 20000382, DS, going on commando missions,solving crimes,fighting for the rebel alliance,defending the weak,arresting criminals ,writing in ledgers,performing kung-fu moves,foiling the schemes of evil villains,playing the piano,plotting against family members
Shemika Read, 20000243, DS, shagging spies,teaching young mutants,maintaining a secret identity,smuggling contraband,following clues,chasing after women,writing in ledgers,eating power pellets,selling fast food,finding clues
Genevive Schofield, 20000222, DS, selling fast food,solving crimes,teaching young mutants,performing kung-fu moves,causing mayhem,punishing criminals,developing new technologies,pioneering new technologies,laughing at God,singing middle-of-the-road songs
Deborah Adkins, 20000463, DS, studying science,wielding political power,terrorizing employees,writing pop songs,solving mysteries,surviving large-scale floods,fighting the forces of good,campaigning for environmental causes,killing teenagers,laughing at God
Antony Marchand, 20000270, CS, starring in romantic comedies,campaigning for environmental causes,starring in comedies,singing pop songs,singing rock songs,promoting socialism,directing Hollywood movies,abusing minorities,manipulating political pawns,campaigning for social causes
Margaret Martinez, 20000056, DS, gyrating hips,selling fast food,laughing at God,enriching uranium,following clues,wielding political power,solving mysteries,performing magic tricks,arresting criminals ,killing teenagers
Albert Mitchell, 20000079, CS, promoting science,whining at umpires,singing pop songs,starring in romantic comedies,slashing victims,attacking neighbors,playing the trumpet,writing Hollywood movies,building airplanes,terrorizing prostitutes
Lois Coleman, 20000090, DS, performing kung-fu moves,battling the forces of darkness,writing in ledgers,tricking criminals,starring in comedies,cross-dressing in women's clothes,running a kingdom,teaching magic,reading minds,promoting conservative values
Casey Poole, 20000485, CS, writing pop songs,starring in romantic comedies,managing large development projects,avoiding taxes,studying science,attacking neighbors,smoking Boyard cigarettes,hiding from the public, fighting for democracy,ruling over subjects
Porsha Choate, 20000311, CS, singing pop songs,developing cunning plans,winning battles,singing rock songs,pushing dodgy operating systems,running a crime family,fighting for democracy,enriching uranium,running a criminal enterprise,terrorizing prostitutes
Thomas Tyler, 20000413, CS, studying science,writing plays,running a criminal enterprise,pushing dodgy operating systems,starring in romantic comedies,campaigning for environmental causes,delivering judgments,winning battles,getting plastic surgery,starring in Hollywood movies
Sally Carlson, 20000467, CS, judging legal cases,attacking neighbors,spreading philosophy,funding a cure for malaria,campaigning for social causes,building airplanes,writing short stories,cross-dressing in women's clothes,enriching uranium,making billions
Isis Oglesby, 20000237, CS, promoting pacifism,ruling over subjects,postulating bizarre theories,studying science,cross-dressing in women's clothes,betraying friends,writing purple prose,writing plays,proving math theorems,running the FBI
Gene Ramon, 20000372, CS, singing pop songs,pioneering new technologies,playing the trumpet,writing for the New Yorker,promoting circus attractions,writing plays,starring in Hollywood movies,signing sports memorabilia,manipulating political pawns,singing rock songs
Shirley Morris, 20000028, DS, fighting with swords,arresting criminals ,teaching the next generation,pursuing criminals,studying computability,maintaining a secret identity,chasing electronic ghosts,condescending to customers,wielding political power,running a fast-food business
Claretha Newberry, 20000304, DS, playing rock guitar,inventing time machines,writing pop songs,gyrating hips,writing in ledgers,defending the weak,arresting criminals ,pursuing criminals,battling the forces of darkness,stealing human fat
Ann Mack, 20000123, CS, making billions,fighting for democracy,popping amphetamines,eluding authorities,wielding political power,starring in romantic comedies,writing for the New Yorker,writing Hollywood movies,eluding capture,starring in Hollywood movies
Sherrie Felton, 20000319, DS, creating nightmares,pursuing criminals,pioneering new technologies,starring in comedies,punishing criminals,writing pop songs,surviving large-scale floods,writing mystery stories,studying computability,eating people
Geneva Nunez, 20000144, CS, running a smuggling business,promoting circus attractions,coining epigrams,writing political tracts,worrying about health,signing sports memorabilia,cross-dressing in women's clothes,ordering wire-taps,building a wooden ark,wielding political power
Wilbur Thornton, 20000132, CS, campaigning for environmental causes,throwing Bunga Bunga parties,writing pop songs,chain-smoking Gauloises Bleues,campaigning for social causes,writing Hollywood movies,singing pop songs,cross-dressing in women's clothes,studying mathematics,wielding political power
Joshua Simmons, 20000065, CS, enjoying ball-room dancing,running a technology company,making billions,studying science,writing about social problems,singing middle-of-the-road songs,issuing threats,selling out,fighting for democracy,writing political tracts
Homer Wise, 20000199, CS,  fighting for democracy,spreading philosophy,writing short stories,writing Hollywood movies,singing rock songs,running a software company,cross-dressing in women's clothes,writing pop songs,betraying friends,opening new markets
Theodora Harlow, 20000261, DS, studying magic tricks,plotting against family members,selling fast food,playing the piano,casting magic spells,swinging from tree to tree,spreading revolution,promoting wickedness,solving crimes,developing new technologies
Chester Morales, 20000125, CS, proving math theorems,cross-dressing in women's clothes,building airplanes,promoting liberalism,eluding authorities,posing for photographs,scandalizing polite society,enriching uranium,starring in Hollywood movies,popping amphetamines
Kirby Broome, 20000332, CS, singing pop songs,explaining natural selection,lying on the stand,proving math theorems,writing political tracts,starring in romantic comedies,opening new markets, fighting for democracy,writing for pulp magazines,eluding the public gaze
Genevieve Goodman, 20000445, DS, playing the piano,inventing time machines,going on commando missions,stealing jewels,studying computability,arresting criminals ,tricking criminals,writing mystery stories,maintaining a secret identity,promoting mysticism
Evangeline Benitez, 20000276, DS, leading revolts,watching MacGyver reruns,maintaining a secret identity,handing out flowers,running a kingdom,reading minds,running a hotel,teaching magic,spreading revolution,starring in musical comedies
Elliott Thorton, 20000305, DS, pioneering new technologies,writing in ledgers,doing the Kessel run,singing middle-of-the-road songs,seducing women,casting magic spells,promoting wickedness,wielding political power,playing rock guitar,teaching the next generation
Karen Bell, 20000157, DS, womanizing,pursuing criminals,fighting the forces of good,promoting diversity,wielding political power,writing pop songs,chasing electronic ghosts,foiling the schemes of evil villains,studying magic tricks,following clues
Ross Aguilar, 20000148, CS, promoting conservative values,running an empire, fighting for democracy,attacking neighbors,running a hardware company,climbing social ladders,bugging political rivals,singing pop songs,running a software company,promoting Kaballah
Julia Smith, 20000017, CS, rooting out facts,chasing after women,writing about social problems, fighting for democracy,studying mathematics,promoting Darwinism,promoting pacifism,enriching uranium,judging legal cases,writing purple prose
Paula Davis, 20000089, CS, starring in Hollywood movies,writing pop songs,cross-dressing in women's clothes,fighting for democracy,bridging cultures ,getting plastic surgery,chain-smoking Gauloises Bleues,suppressing minorities,singing middle-of-the-road songs,climbing social ladders
Tiffany Obrien, 20000452, DS, stealing jewels,finding clues,spreading revolution,writing pop songs,promoting diversity,laughing at God,casting magic spells,eating people,pursuing criminals,enriching uranium
Frances Sanders, 20000053, CS, scandalizing polite society,engaging in hapless hijinks,campaigning for social causes,crushing dissent,running a criminal enterprise,proving math theorems,whining at umpires,coining epigrams,terrorizing prostitutes,studying mathematics
Betty Hughes, 20000044, CS, fighting for democracy,teaching philosophy to future leaders,promoting Darwinism,attacking neighbors,starring in romantic comedies,womanizing,writing about social problems,popping amphetamines,starring in Hollywood movies,signing sports memorabilia
Elbert Carroll, 20000126, CS, starring in Hollywood movies,ruling over subjects, fighting for democracy,starring in romantic comedies,bugging political rivals,writing plays,directing Hollywood movies,cross-dressing in women's clothes,spreading revolution,ranting about religion
Margie Fitzgerald, 20000473, CS, writing Hollywood movies,suppressing minorities,judging legal cases,manipulating political pawns,lying on the stand,climbing social ladders,hiding from the public,smoking Boyard cigarettes, fighting for democracy,bugging political rivals
Justin White, 20000058, CS, chain-smoking Gauloises Bleues,coining sparkling witticisms,pushing dodgy operating systems,eluding capture,hiding from the public,studying science,lying on the stand,signing sports memorabilia,promoting Darwinism,enriching uranium
Dominica Otero, 20000206, DS, starring in Hollywood movies,foiling the schemes of evil villains,solving crimes,handing out flowers,terrorizing employees,doing the Kessel run,studying computability,pioneering new technologies,tempting the innocent,promoting pacifism
Latina Gunderson, 20000362, DS, developing new technologies,starring in comedies,amassing wealth,pursuing criminals,playing rock guitar,selling fast food,making soap,creating nightmares,teaching the next generation,pioneering new technologies
Jeri Etheridge, 20000296, CS, scandalizing polite society,writing plays,knocking out opponents,throwing Bunga Bunga parties,spreading philosophy,cross-dressing in women's clothes,pioneering new technologies,promoting circus attractions,studying mathematics,manipulating political pawns
Keven Iverson, 20000380, DS, chasing electronic ghosts,killing for Mi6,promoting mysticism,eating power pellets,foiling the schemes of evil villains,enriching uranium,preventing crime,writing mystery stories,performing magic tricks,teaching young mutants
Valentine Villegas, 20000351, DS, running a hotel,tricking criminals,handing out flowers,promoting diversity,wielding political power,promoting wickedness,chasing electronic ghosts,climbing social ladders,fighting with swords,studying science
Karma Kelleher, 20000272, DS, teaching magic,investing in real estate,promoting wickedness,starring in comedies,running a hotel,running a kingdom,eating people,hunting demons,campaigning for environmental causes,selling fast food
Tari Cash, 20000226, DS, teaching young mutants,maintaining a secret identity,writing in ledgers,casting magic spells,performing magic tricks,teaching the next generation,punishing criminals,spreading revolution,starring in musical comedies,pinching pennies
Yolanda Morales, 20000410, CS, writing short stories,getting plastic surgery, fighting for democracy,smoking Boyard cigarettes,starring in Hollywood movies,singing middle-of-the-road songs,enriching uranium,chain-smoking Gauloises Bleues,starring in romantic comedies,promoting Darwinism
Brian Butler, 20000015, DS, pioneering new technologies,doing the Kessel run,playing rock guitar,teaching magic,fighting for the rebel alliance,investing in real estate,promoting mysticism,solving crimes,posing for photographs,plotting against family members
Val Zuniga, 20000342, CS, funding a cure for malaria,abusing minorities,amassing nuclear weapons, fighting for democracy,running the FBI,ranting about liberals,crooning love songs,bridging cultures ,slashing victims,enriching uranium
Louis Torres, 20000097, DS, traveling in time,chasing electronic ghosts,laughing at God,chasing after women,studying icons,fighting the forces of good,climbing social ladders,solving crimes,promoting wickedness,singing middle-of-the-road songs
Kisha Mowery, 20000268, CS, eluding authorities,promoting Kaballah,pushing dodgy operating systems,avoiding taxes,drawing whimsical cartoons,fighting with swords,bugging political rivals,writing short stories,winning heavyweight titles,coining epigrams
Calvin Garrett, 20000451, CS, starring in romantic comedies,promoting circus attractions,explaining natural selection,commiting perjury, fighting for democracy,chain-smoking Gauloises Bleues,preaching to presidents,studying mathematics,slashing victims,promoting racial harmony
Marcella Daniel, 20000448, CS, judging legal cases,cross-dressing in women's clothes,cracking enemy codes,singing pop songs,proving math theorems,crooning love songs,amassing nuclear weapons,wielding political power,promoting Kaballah,promoting pacifism
Wava Stovall, 20000258, CS, writing political tracts,judging legal cases,singing pop songs,abusing minorities,writing for the New Yorker,starring in Hollywood movies,postulating bizarre theories,fighting with swords,singing jazz songs,winning heavyweight titles
Dana Vega, 20000139, DS, running a hotel,studying magic tricks,seeking revenge,tricking criminals,maintaining a secret identity,writing pop songs,following clues,pursuing criminals,traveling in time,starring in comedies
Daisy Austin, 20000182, CS, studying mathematics,pushing dodgy operating systems,throwing Bunga Bunga parties,wielding political power,promoting Kaballah,suppressing minorities,promoting Darwinism,making political gaffes,writing Hollywood movies,developing military strategies
Martha Wilkins, 20000420, DS, fighting the forces of good,instigating rebellion,chasing electronic ghosts,eluding authorities,going on commando missions,studying computability,maintaining a secret identity,playing the piano,casting magic spells,doing the Kessel run
Dennis Edwards, 20000029, CS, promoting Darwinism,singing rock songs,promoting socialism,bugging political rivals,stabbing in the back,writing mystery stories,womanizing,attacking neighbors,getting plastic surgery,starring in romantic comedies
Myron Valdez, 20000153, CS, cross-dressing in women's clothes,singing pop songs,promoting science,cracking enemy codes,promoting pacifism,writing mystery stories,running a software company,chain-smoking Gauloises Bleues,writing Hollywood movies,writing short stories
Linda Robinson, 20000070, CS, avoiding taxes,abusing minorities,coining sparkling witticisms,developing cunning plans,running a criminal enterprise,singing rock songs,recording pop songs,climbing social ladders, fighting for democracy,slashing victims
Lela Powell, 20000185, DS, promoting greed,fighting with swords,traveling in time,teaching magic,shagging spies,solving crimes,clipping coupons,finding clues,starring in comedies,smuggling contraband
Vivian Fowler, 20000198, DS, casting magic spells,maintaining a secret identity,eluding authorities,studying computability,starring in comedies,foiling the schemes of evil villains,chasing electronic ghosts,writing in ledgers,promoting mysticism,studying magic tricks
Masako Moreau, 20000395, CS, starring in Hollywood movies,singing pop songs,playing jazz trumpet,delivering judgments,studying science,lying on the stand,managing large development projects,signing sports memorabilia,bridging cultures ,preaching to presidents
Sheila Olson, 20000197, DS, pioneering new technologies,finding clues,going on commando missions,pinching pennies,terrorizing employees,fighting with swords,doing the Kessel run,raging against the machine,promoting the Dark Side,plotting against family members
Arminda Mccloud, 20000242, CS, playing the trumpet,starring in sit-coms,ruling over subjects,writing polemics,cross-dressing in women's clothes,wielding political power,getting plastic surgery,judging legal cases,singing pop songs,writing political tracts
Joshua Simmons, 20000065, DS, pioneering new technologies,casting magic spells,studying computability,pursuing criminals,performing kung-fu moves,fighting with swords,battling the forces of darkness,writing in ledgers,running a fast-food business,teaching philosophy
Kathleen Fields, 20000469, CS, singing pop songs,suppressing minorities,issuing threats,smoking Boyard cigarettes,writing modern fiction,promoting Darwinism,cracking enemy codes,manipulating political pawns,studying mathematics,womanizing
Larry Rose, 20000407, CS, preaching to presidents,cracking enemy codes,singing pop songs,winning boxing matches,campaigning for social causes,enriching uranium,starring in madcap comedies,bugging political rivals,directing Hollywood movies,throwing Bunga Bunga parties
Lela Garza, 20000466, CS, eluding capture,promoting Kaballah,starring in Hollywood movies,writing for the New Yorker,promoting pacifism,popping amphetamines,promoting liberalism,smoking Boyard cigarettes,starring in madcap comedies,slashing victims
Luigi Mccray, 20000315, DS, traveling in time,fighting the forces of good,running a fast-food business,pioneering new technologies,maintaining a secret identity,handing out flowers,enriching uranium,foiling the schemes of evil villains,studying magic tricks,playing the piano
Rory Esquivel, 20000314, CS, ruling over subjects,cracking enemy codes,terrorizing prostitutes,manipulating political pawns,performing serious acting,writing about social problems,amassing nuclear weapons,singing pop songs,coining epigrams,singing middle-of-the-road songs
Johanna Jordan, 20000192, CS, climbing social ladders,eluding the public gaze,getting plastic surgery,crushing dissent,promoting socialism,running an empire,starring in madcap comedies,directing Hollywood movies, fighting for democracy,developing cunning plans
Joan Taylor, 20000083, CS, smoking Boyard cigarettes,postulating bizarre theories,writing Hollywood movies,wielding political power,studying mathematics,pulling dirty political tricks, fighting for democracy,drawing whimsical cartoons,recording pop songs,running a technology company
Virginia Sanchez, 20000012, CS, winning heavyweight titles,promoting pacifism,attacking neighbors,lying on the stand,writing short stories,planting evidence,climbing social ladders,building airplanes,stabbing in the back,starring in romantic comedies
Carl Bishop, 20000195, DS, studying computability,starring in musical comedies,stealing human fat,running a kingdom,punishing criminals,enriching uranium,writing mystery stories,cross-dressing in women's clothes,solving crimes,finding clues
Steve Spencer, 20000180, CS, running a hardware company,promoting pacifism,eluding authorities,winning battles,making political gaffes,campaigning for social causes,starring in romantic comedies,ruling over subjects,writing pop songs,writing short stories
Elsa Hayes, 20000169, DS, smuggling contraband,surviving large-scale floods,terrorizing employees,inventing time machines,wielding political power,arresting criminals ,casting magic spells,foiling the schemes of evil villains,killing demons,maintaining a secret identity
Stephane Pickard, 20000225, CS, rooting out facts,proving math theorems,starring in Hollywood movies,writing pop songs,playing the trumpet,funding a cure for malaria,selling out,wielding political power,singing pop songs,building a wooden ark
Bruce Harris, 20000006, DS, writing pop songs,condescending to customers,traveling in time,playing rock guitar,eluding authorities,going on commando missions,pursuing criminals,terrorizing sleepers,selling fast food,foiling the schemes of evil villains
Kimberly Henderson, 20000033, DS, wielding political power,handing out flowers,promoting diversity,fighting the forces of good,arresting criminals ,pioneering new technologies,enriching uranium,starring in comedies,condescending to customers,terrorizing employees
Joanne Vaughn, 20000122, CS, smoking Boyard cigarettes,starring in Hollywood movies,writing plays,wielding political power,ruling over subjects,campaigning for social causes,singing pop songs,promoting racial harmony,promoting Darwinism,promoting circus attractions
Kelly Johnston, 20000456, CS, starring in romantic comedies,campaigning for environmental causes,getting plastic surgery,smoking Boyard cigarettes,ruling over subjects,singing pop songs,delivering forehand slams,campaigning for social causes,exploring foreign countries,slashing victims
Gregory Cook, 20000052, DS, promoting mysticism,pursuing criminals,cross-dressing in women's clothes,laughing at God,investing in real estate,developing new technologies ,writing pop songs,arresting criminals ,maintaining a secret identity,climbing social ladders
Gabriel Webster, 20000161, CS,  fighting for democracy,running a technology company,cross-dressing in women's clothes,cooking dinners,judging legal cases,developing cunning plans,cracking enemy codes,singing rock songs,writing modern fiction,enjoying ball-room dancing
Odessa Bertram, 20000348, CS, amassing nuclear weapons,climbing social ladders,scandalizing polite society,ruling over subjects,enjoying ball-room dancing,playing the trumpet,cross-dressing in women's clothes,singing pop songs,posing for photographs,crooning love songs
Steve Ross, 20000024, DS, foiling the schemes of evil villains,preventing crime,pursuing criminals,handing out flowers,maintaining a secret identity,writing in ledgers,starring in comedies,promoting mysticism,developing new technologies,teaching the next generation
Meagan Negrete, 20000201, DS, developing new technologies ,traveling in time,studying computability,surviving large-scale floods,running a kingdom,eating power pellets,teaching the next generation,spreading revolution,following clues,playing the piano
Lucy Wood, 20000434, CS, writing political tracts,singing pop songs,chasing after women,proving math theorems,starring in Hollywood movies,winning Oscars,crooning love songs,campaigning for social causes,running a criminal enterprise,cross-dressing in women's clothes
Lee Klein, 20000104, CS, throwing Bunga Bunga parties,writing pop songs,running a criminal enterprise,bugging political rivals,postulating bizarre theories,eluding the public gaze,running a hardware company,promoting socialism,promoting conservative values,developing military strategies
Kaitlyn Bassett, 20000329, DS, seducing women,campaigning for social causes,campaigning for environmental causes,teaching magic,condescending to customers,terrorizing sleepers,pursuing criminals,writing mystery stories,appreciating vintage collectibles,solving crimes
Claude Curry, 20000200, CS, judging legal cases,writing pop songs,leading armies into battle,hiding from the public,developing real estate,singing pop songs,suppressing minorities,starring in madcap comedies,manipulating political pawns,wielding political power
Jody Lawrence, 20000419, CS, running a kingdom,writing pop songs,scandalizing polite society,bugging political rivals,cross-dressing in women's clothes,running a criminal enterprise,fighting with swords,writing modern fiction,singing rock songs,campaigning for the presidency
Justin White, 20000058, DS, enriching uranium,fighting with swords,smuggling contraband,foiling the schemes of evil villains,studying computability,following clues,inventing time machines,writing pop songs,promoting socialism,killing demons
Jesse Cooper, 20000038, CS, running a hardware company,hiding from the public,chain-smoking Gauloises Bleues,coining epigrams,running a smuggling business,proving math theorems,singing pop songs,cracking enemy codes,wielding political power,climbing social ladders
Frances Sanders, 20000053, DS, writing pop songs,promoting conservative values,creating nightmares,raging against the machine,seducing women,beating menial staff,running a hotel,studying science,instigating rebellion,running a clandestine spy organization
Vicky Blake, 20000102, CS, writing about manly pursuits,chain-smoking Gauloises Bleues,promoting Kaballah,starring in romantic comedies,terrorizing prostitutes,writing pop songs,crooning love songs,ordering wire-taps,running a kingdom,singing pop songs
Evangeline Benitez, 20000276, CS, postulating bizarre theories,building giant walls,cracking enemy codes,coining sparkling witticisms,planting evidence,campaigning for social causes,studying mathematics,cross-dressing in women's clothes,throwing Bunga Bunga parties,preaching to presidents
Tara Snyder, 20000134, CS, slashing victims,explaining natural selection,writing political tracts,terrorizing prostitutes,cross-dressing in women's clothes,ruling over subjects,wielding political power,studying mathematics,betraying friends,coining sparkling witticisms
Mamie Brown, 20000429, DS, running a hotel,teaching young mutants,foiling the schemes of evil villains,spreading revolution,handing out flowers,fighting the forces of good,starring in musical comedies,leading revolts,studying icons,running a clandestine spy organization
Margit Rutledge, 20000325, DS, selling fast food,pursuing criminals,teaching the next generation,fighting the forces of good,traveling in time,fighting in gladiator arenas,writing pop songs,going on commando missions,handing out flowers,appreciating vintage collectibles
Marcus Walton, 20000438, CS, ruling over subjects,building a wooden ark,winning battles,judging legal cases, fighting for democracy,studying mathematics,promoting circus attractions,developing military strategies,promoting Darwinism,suppressing minorities
Lela Powell, 20000185, DS, inventing time machines,condescending to customers,studying magic tricks,fighting with swords,singing middle-of-the-road songs,teaching magic,wielding political power,pinching pennies,appreciating vintage collectibles,pioneering new technologies
Desirae Beckett, 20000302, CS, singing pop songs,ruling over subjects,writing plays,selling out,wielding political power,developing cunning plans,eluding authorities,playing the trumpet,starring in Hollywood movies,throwing Bunga Bunga parties
Luigi Mccray, 20000315, DS, solving crimes,surviving large-scale floods,casting magic spells,starring in comedies,campaigning for social causes,fighting for the resistance,maintaining a secret identity,running a kingdom,shagging spies,teaching magic
Annis Bourque, 20000337, CS, winning battles,running a technology company,ranting about liberals,smoking Boyard cigarettes,hiding from the public,running a hardware company,fighting for democracy,worrying about health,popping amphetamines,singing middle-of-the-road songs
Ann Mack, 20000123, DS, going on commando missions,chasing electronic ghosts,following clues,promoting wickedness,foiling the schemes of evil villains,killing demons,running a kingdom,starring in musical comedies,eating people,spreading revolution
Roger Roberts, 20000021, DS, chasing after women,teaching the next generation,starring in Hollywood movies,tricking criminals,doing the Kessel run,traveling in time,writing pop songs,chasing flappers,starring in comedies,inventing time machines
Adina Lim, 20000361, DS, preaching to presidents,leading revolts,inventing time machines,raging against the machine,starring in comedies,solving crimes,following clues,studying magic tricks,cross-dressing in women's clothes,condescending to customers
Carolyn Griffin, 20000086, DS, eating people,promoting conservative values,smuggling contraband,eating power pellets,inventing time machines,studying magic tricks,running a kingdom,wielding political power,running a fast-food business,selling fast food
Joyce Welch, 20000401, DS, developing new technologies,singing middle-of-the-road songs,inventing time machines,swinging from tree to tree,climbing social ladders,leading revolts,fighting with swords,gyrating hips,pioneering new technologies,investing in real estate
Brittaney Le, 20000301, DS, solving crimes,running a fast-food business,smuggling contraband,spreading revolution,casting magic spells,inventing time machines,keeping accounts,seducing women,foiling the schemes of evil villains,teaching the next generation
